ynmp_id,candidate_id
18015,1285
13894,6233
3155,2802
3461,2803
3466,2807
3469,2810
3893,2815
3895,2816
3982,2606
17945,2817
20699,2819
20700,2820
20701,2821
24740,2826
2925,283
4590,3513
4495,2833
24533,871
3307,2841
16921,2853
21093,1510
17032,2857
17020,2858
3686,2864
3154,2865
4380,2881
3709,2882
3705,2887
3706,2888
23380,289
3192,2890
24591,2896
17754,2897
12569,29
23379,290
17744,2901
17759,2904
23387,291
23382,292
25668,2921
25766,2923
13021,2926
24215,2927
24217,2928
24197,2929
24196,2932
24214,2934
24210,2936
25667,2938
21049,2939
4227,2942
3901,2944
3910,2949
23408,295
23099,2953
23097,2954
23088,2956
23086,2958
23096,2959
23407,296
2749,2960
2751,2962
23811,2963
23807,2965
23808,2966
23802,2967
23803,2968
23814,2971
25665,2973
17163,2979
13003,2981
17133,2982
16063,2984
15948,2985
24970,2986
13000,2987
23471,2989
3871,299
23460,2990
23482,2992
23475,2993
17071,2995
4202,1986
24944,2999
21236,300
17038,3000
21003,3002
21027,3004
21013,3007
13725,3010
12780,3018
12784,3019
12785,3020
24984,3022
24978,3023
24977,3024
24976,3025
4605,3027
21175,3031
4596,3034
4598,3036
21169,3037
3542,3038
3537,3050
2833,306
13601,3061
13602,3062
19874,3070
19863,3071
19853,3073
19869,3076
25592,3081
25591,3082
24874,3084
25588,3085
25587,3086
4714,3087
25584,3089
25583,3090
25586,3091
24536,3097
16849,3099
2826,310
20785,3101
20775,3102
20770,3103
20724,3105
20721,3106
3183,3108
2830,311
20786,3110
4848,3117
14407,3118
14423,3119
14448,3125
3250,3126
3247,3129
4504,3130
3244,3131
4502,3132
3492,3137
3665,3138
3669,3140
3667,3141
3672,3142
3670,3143
16846,3146
4376,3147
4373,3150
24589,3157
24588,3158
3695,3161
3090,3162
24579,3166
24582,3167
24581,3168
24585,3169
24583,3170
17764,3176
17767,3179
2849,318
4416,3180
3030,522
12078,3938
23415,297
3544,2752
2707,59
3077,3454
2419,4106
4206,422
2809,3863
14093,4035
15614,35058
4555,3701
14145,542
13741,1224
3931,2235
4181,1004
19004,1005
19072,1007
19062,1010
24189,1077
4193,1012
19078,1013
4861,1017
4410,1019
4757,102
2891,1025
4759,103
4066,1030
25571,1034
4514,1045
16854,1047
16852,1048
4756,105
16847,1051
3614,1060
24188,1076
19408,4057
2756,1063
3611,1065
3876,1075
17384,1079
24182,1081
24634,1087
24621,1089
24622,1090
24616,1092
24617,1093
24618,1094
24619,1095
2907,1097
21262,1112
3742,1115
14196,1118
13406,112
14206,1121
24942,1128
24156,1143
12994,1145
4558,1146
17777,115
25640,1154
2661,1159
12990,1161
4784,1162
2376,1171
4112,1172
2554,1178
2553,1180
2549,1181
2550,1182
3096,104
24436,8510
3590,1183
25270,1186
25275,1187
25274,1188
25264,1189
21130,119
25263,1190
25266,1192
4845,1197
2526,1198
23372,12
20374,120
4833,1205
13457,1209
20373,121
13458,1210
13442,1214
4563,1216
13446,1218
13715,122
13737,1220
13738,1221
13743,1222
13745,1223
24342,1226
3832,1227
13747,1228
19179,1229
19125,1231
4542,1235
4540,1237
21235,1239
13710,124
4545,1242
2798,1244
21232,1246
12841,1247
12840,1250
12838,1252
12835,1253
3511,1255
3508,1257
3507,1258
3515,1259
13713,126
3514,1260
13674,1523
13675,1525
18179,1568
24149,1139
24954,2
17393,1263
4662,1266
13714,127
13705,128
17956,1280
17951,1281
18016,1284
3388,1289
3384,1295
23378,13
3812,1300
12112,1302
4528,1304
4176,1310
18720,1312
18548,1313
18445,1320
2652,1332
3353,1333
24577,1334
12847,1335
12075,3645
2410,3235
23360,5
2404,2292
14377,1685
3485,1851
12105,360
2988,1651
4880,3816
2660,1158
3927,1336
3764,1340
12852,1341
3758,1342
3930,1343
3760,1348
24386,1351
24385,1353
13984,1354
16723,1360
16738,1361
3503,1366
2994,1371
2993,1372
3593,1374
3128,1377
3126,1378
3124,1380
3129,1384
24151,1385
3137,1387
3135,1388
24164,1389
12077,34744
2484,139
24157,1390
24615,1393
24614,1394
24613,1395
24612,1396
24611,1397
24609,1399
3088,14
24608,1400
24607,1401
24602,1402
14307,1403
14320,1407
14318,1408
14369,1410
25062,1413
17886,1415
17891,1418
21875,1422
21876,1423
4421,1426
2387,1431
2393,1436
22223,1441
22227,1443
22216,1445
4633,1446
22219,1447
3926,3751
13001,35992
22221,1448
17512,1449
22303,1450
17888,1453
24096,1454
24093,1457
24090,1458
24085,1460
24107,1464
24580,1467
2630,1474
24186,1480
20316,1482
4817,1492
12804,1496
13883,1499
16719,1634
19494,150
25566,1501
25578,1507
25581,1508
25582,1509
13436,1513
13435,1514
25611,1519
19912,152
23089,1520
25608,1522
25609,1524
13731,1528
4706,153
4530,1531
13730,1532
13729,1533
4532,1538
24845,1539
4527,1543
4529,1545
3505,1546
12848,1548
12850,1550
12851,1553
3499,1556
21172,34961
3502,1559
17906,156
13682,1562
24586,1563
25558,1564
4627,1565
18227,1575
20321,1577
19495,158
3397,1581
12845,1584
24287,1585
3402,1587
2967,1589
20616,159
2378,1591
23095,1594
18821,1595
18819,1596
18722,1598
14167,160
3336,1605
3338,1606
23090,1619
14169,162
24781,1620
2567,1621
2445,1623
2447,1625
4045,1635
4289,1639
3638,1653
3636,1655
24747,1670
24742,1672
24746,1673
24761,1674
24762,1675
24760,1677
23134,1678
3045,168
3332,1680
3720,1693
3718,1695
3719,1696
12854,1697
3451,2491
25004,1701
23704,1702
23714,1703
23715,1704
25003,1707
21682,1710
21680,1712
25002,1713
21834,1714
21797,1715
21684,1717
21380,1719
4601,1720
21339,1722
21173,1723
22473,1731
24076,1461
22314,1735
22307,1737
22306,1738
17768,1739
22639,1740
24024,1742
24039,1743
24062,1746
24047,1747
24049,1748
24071,1749
3835,175
24072,1750
15908,1752
23390,1755
2640,1756
19190,176
3538,1766
25557,1772
25551,1773
25549,1774
25548,1775
25561,1776
21084,1778
21082,1779
21081,1780
21080,1781
25565,1782
25564,1783
21077,1784
16716,1789
3827,179
13475,1790
13477,1792
13478,1793
13480,1794
13482,1796
12831,1798
12827,1802
12825,1803
16781,1805
12834,1810
13931,1818
13932,1819
13934,1821
3697,1823
17789,1825
4565,1827
17790,1828
24888,1830
24887,1831
24875,1832
14073,1833
24865,1834
3831,184
3495,1843
3490,1848
14068,1850
13529,1859
13556,1863
18153,1870
18160,1871
3412,1876
3178,1887
2931,1889
4465,189
23747,1892
4437,1898
3176,1901
3300,1911
3299,1912
3301,1916
15896,1926
15900,1929
15895,1933
3620,1939
2678,1942
3627,1945
2978,1947
23087,1950
24720,1955
3104,1957
4458,196
3837,1962
3840,1963
24419,1966
24418,1968
17413,1971
17405,1975
24389,198
3733,1981
3737,1982
24451,1987
24388,199
23779,1993
23778,1994
23777,1995
23782,1998
23781,1999
2935,2002
2965,2003
2964,2004
2959,2009
3809,201
25590,2010
2956,2012
25589,2013
22780,2015
22672,2018
22811,2019
22812,2020
22810,2022
24544,2026
24019,2027
3807,203
23993,2033
23981,2034
23995,2035
23994,2036
3805,204
13673,2043
24542,2045
4274,2047
4888,24403
3592,1375
13670,2048
25777,2049
24375,205
2615,2056
2614,2057
24373,206
2609,2060
25547,2065
25536,2069
24377,207
13466,2071
13459,2074
24376,208
12816,2083
12815,2084
12818,2085
12820,2086
12819,2087
12822,2088
12821,2089
23246,21
21104,2102
24390,2105
3474,2106
3472,2108
24890,2115
4553,2116
4552,2117
4550,2119
25654,2121
4831,2123
4811,2127
4910,2128
4902,2129
15907,214
21870,2145
4615,2149
2991,215
4612,2150
18109,2153
4608,2154
4609,2155
4607,2157
20005,2158
3415,2162
3417,2164
20258,2166
23758,2169
3596,217
25530,2170
3113,2172
12099,2175
3280,2176
3291,2185
17172,2188
24414,3799
25221,3716
13881,2793
3752,1035
3945,219
17177,2191
23117,3306
24016,2031
3401,1586
3209,230
15530,4000
23225,3854
17178,2190
15888,2194
17179,2197
15874,2198
23238,22
3938,220
15721,2200
3658,2205
4397,2215
3249,2216
3248,2219
24556,2223
24569,2227
24571,2228
24573,2229
24578,2231
12810,2237
19055,2239
17642,2240
17517,2245
24405,2246
4183,2247
17445,2249
4188,2260
3967,2261
13523,2262
3969,2263
3970,2264
3962,2266
3972,2271
18716,2272
2976,2273
24288,2280
24289,2281
3211,229
13522,2291
2405,2293
18121,2294
23052,2298
23040,2304
19865,2306
23968,2309
23888,2312
23921,2314
24935,2315
23923,2316
21501,2318
24934,2320
21653,2321
21627,2322
21668,2324
4578,2325
25639,2326
24926,2328
4576,2330
4311,2331
24928,2332
23427,2334
4310,2335
23438,2342
2382,2343
21102,2350
12108,2355
4284,236
25535,2362
25534,2363
25521,2365
25527,2366
25525,2367
25529,2368
25528,2369
3198,237
25531,2370
13501,2377
13496,2378
13498,2379
13494,2380
13495,2381
2793,16
4235,1465
21056,3591
3763,1346
3043,173
17916,4022
22210,3268
4825,3974
4560,1835
4409,1018
4492,2846
13875,1462
22209,3277
3911,2950
4095,2907
14133,3473
4512,1917
24623,1091
3810,1305
17036,2849
4816,3977
17870,4053
3026,824
24851,1536
24861,3096
14304,471
14404,4031
4846,1841
4874,1487
25636,1153
21310,855
4864,623
2431,3847
19212,476
2673,1905
19860,3072
2597,383
21115,2063
3049,169
23054,2297
15903,509
14143,114
12992,1140
4822,3981
4579,2411
4930,3044
13012,3640
2683,2860
12813,2383
12814,2384
25011,2385
4792,2386
12809,2387
12811,2389
12812,2390
12805,2391
12806,2392
12807,2393
3087,2394
13518,2397
20994,2400
25504,2401
13527,2403
25507,2405
24932,2407
4581,2409
19890,241
24927,2410
24930,2412
4577,2413
25509,2415
24937,2416
24936,2417
4584,2418
2390,1432
2606,2434
2604,2436
3885,244
13571,2447
13575,2448
13585,2450
19895,246
18335,2463
19922,2474
19920,2475
19927,2476
19915,2478
3477,2482
13892,2484
17766,2488
3454,2489
23334,2492
3457,2494
3456,2495
3460,2498
4597,3035
3459,2499
23233,25
4009,2500
25543,2506
4195,2507
23229,2508
3322,2510
3325,2511
3324,2512
3317,2514
25599,2517
24795,252
16099,2522
16101,2523
17135,2527
17129,2528
24794,253
16069,2533
3644,2535
3642,2537
2450,2538
3648,2540
3647,2541
3652,2542
24784,255
4395,2554
16310,2556
24540,2558
24783,256
24537,2560
24543,2562
24541,2564
3182,2565
24782,257
3174,2572
25005,2576
4619,2578
21163,2579
3861,258
17742,2581
17743,2582
17666,2584
17737,2587
18294,2589
25634,2608
24348,2609
24790,261
24335,2610
24326,2611
24325,2612
24321,2613
24312,2615
23084,2623
23067,2626
23082,2633
19919,2635
19917,2636
4219,2637
23834,2641
3877,2642
23824,2644
21129,2645
23817,2647
23833,2648
23832,2649
2868,265
19720,2658
3354,36520
25258,2660
25007,2664
24737,2668
19716,2669
23455,2671
23448,2675
23447,2676
25006,2680
23458,2681
12103,2682
19740,2685
21034,2686
21043,2687
21046,2689
21048,2691
12120,2693
12119,2694
12124,2697
4918,3797
12123,2698
12122,2699
23231,27
13492,2705
13483,2707
13488,2710
13487,2711
13491,2712
13490,2713
12803,2716
12802,2717
12799,2719
4738,272
13513,2724
13511,2726
13510,2727
13509,2728
13508,2729
4567,2733
4569,2735
24949,2736
21167,2737
24951,2738
24953,2739
4572,2740
4574,2742
21164,2743
21165,2744
21159,2746
21160,2747
21161,2748
3548,2749
25602,275
3545,2753
3142,2755
4885,2757
4881,2764
13597,2768
13596,2770
13595,2771
25559,2772
13592,2774
19909,2778
3447,2779
3448,2780
19882,2781
19884,2782
3888,2786
19902,2787
19904,2788
21338,279
25593,2791
3227,2795
2384,2797
25605,2799
25597,280
25606,2800
17770,3181
19470,3188
19473,3189
19466,3191
19437,3194
19475,3197
19476,3198
2855,320
4085,3200
4084,3201
4076,3205
4083,3206
24234,3208
24232,3209
24220,3210
24218,3211
24228,3212
24221,3213
2910,3216
24286,3218
4001,3220
3999,3221
2411,3234
3160,3244
17403,3247
2786,3249
2784,3252
2783,3253
2779,3255
23783,3258
23787,3259
23788,3262
23791,3263
23790,3264
2958,3267
22215,3269
22045,3272
22169,3273
22193,3278
4026,3287
23661,3289
12127,329
23657,3290
23632,3291
23628,3292
23651,3293
23634,3294
23583,3297
23518,3298
23109,3299
23106,3301
23108,3302
23101,3305
14158,3308
21071,3309
21072,3310
21069,3311
21065,3314
21064,3317
25638,3318
2663,3319
12132,332
2566,3320
12756,3322
12769,3323
25643,3324
12775,3326
25642,3327
12131,333
25644,3330
25119,3335
4592,3337
12133,334
25024,3341
21141,3342
4917,3346
4915,3347
13431,335
4923,3350
26160,3351
4141,3354
26156,3356
4571,3358
13640,3366
21188,337
19788,3374
19785,3375
2543,3377
19783,3378
2548,3379
2547,3380
4721,3386
4135,3392
20859,3395
20883,3398
20885,3401
25160,3404
25206,3407
25145,3408
25146,3409
21184,341
25147,3410
25217,3413
3241,3418
3232,3421
14405,3422
16874,3427
3080,3453
25651,346
17776,3460
3914,3462
17781,3464
25652,347
19485,3476
19487,3478
19491,3480
19490,3481
19492,3483
19496,3484
2882,3485
4020,3491
24395,3492
24399,3495
24402,3497
24404,3498
12138,35
4013,3501
4014,3502
4015,3503
2929,3505
4591,3509
25656,351
25016,3515
21144,3517
25657,352
3166,3520
3164,3522
25008,3523
17342,3527
17386,3528
17205,3531
23077,3534
25259,3537
2760,3538
25659,354
22015,3542
21928,3543
25660,355
3061,3554
26155,3558
3519,3560
26157,3561
23280,3563
4050,3566
23252,3568
23270,3571
23277,3572
23278,3573
23279,3574
23130,3575
23128,3576
12102,358
23156,3581
23149,3582
23173,3583
23157,3584
21058,3593
12706,3598
12720,3602
12746,3606
12751,3607
23822,3612
17185,3613
21152,3616
21151,3620
21156,3624
25140,3625
3934,3627
12097,363
25120,3630
25130,3631
25134,3633
25133,3634
25137,3635
13009,3641
12076,3646
17899,365
8387,3655
3586,3656
19497,3667
2529,3670
19745,3674
3003,3676
21059,3679
4850,368
19413,3680
24545,3682
4806,3683
3822,3684
14041,3685
19407,3687
4798,3689
13990,3690
3004,3695
4016,3696
3821,3697
18145,3698
19782,3699
12136,37
2542,3702
3698,3704
19307,3705
3260,3707
20973,3708
20948,3709
12987,371
20966,3711
25260,3712
13683,3713
25220,3717
25219,3718
25262,3721
25261,3722
15691,3723
15631,3725
15642,3726
15587,3727
15549,3729
4266,3730
21261,3731
2659,3732
4351,3735
21257,3747
3073,3750
24924,3754
17797,3763
17792,3764
14051,3766
14076,3768
12979,377
4098,3771
12842,3778
19254,3779
24721,3782
19239,3784
19244,3786
3271,3792
24417,3804
2940,3807
4028,3810
4027,3811
24353,3813
4216,3819
2598,382
12844,3820
4505,3828
17882,3832
17878,3836
2906,1099
13524,2218
3025,877
3024,815
24171,240
4606,843
17960,1279
17917,4023
24415,3798
3738,488
2937,3806
3144,1662
2977,1908
18055,1283
4163,2254
4285,228
25515,400
4211,3824
3275,3793
17871,4052
3432,2481
12126,3865
3311,3510
17911,3839
14298,464
21284,1111
4617,2573
4868,1503
22020,3275
13469,2076
13467,2078
3681,2868
2520,3016
3378,1296
14155,996
4939,3043
13603,3063
3761,1347
2544,1265
4501,2238
21178,3028
21114,2062
2691,620
17874,4044
2770,2859
19879,3069
3385,1294
4309,435
16922,2856
3650,3012
4776,3053
3237,3423
21196,617
17399,3240
21286,1107
3851,1657
4711,2268
17782,3471
3868,245
19236,481
23336,3845
23344,3850
23343,3851
23191,3858
2593,386
23210,3860
23177,3862
23180,3864
12574,3867
12573,3868
12578,3871
12577,3872
17941,3875
2721,3884
2723,3886
21202,3893
21203,3894
21204,3895
21206,3897
21207,3898
21208,3899
25500,39
4118,3901
2697,3902
2696,3903
3632,3910
24933,3911
25664,3915
25778,3916
25779,3917
4771,392
13019,3923
13022,3924
25662,3925
13328,3926
25661,3928
3952,3929
12085,3931
12081,3935
12079,3937
12999,3946
3568,3949
3575,3951
4807,3954
4743,3956
4788,396
19888,3963
13942,3968
25522,397
4823,3980
25512,399
13688,3991
13703,3998
2742,40
15349,4008
15504,4009
21122,4011
14403,4013
17914,4016
25520,402
3056,4039
3060,4043
3824,4055
3825,4056
19361,4058
19327,4059
21134,406
19318,4060
19313,4061
3817,4063
3253,4069
20996,407
4448,4076
3418,408
3797,4080
3791,4082
3792,4083
24368,4084
24372,4085
24363,4086
24365,4087
24357,4089
17391,409
24354,4090
24355,4091
24350,4092
4740,4093
15916,410
2423,4102
3165,411
3951,4112
4271,4115
4272,4116
2948,4120
17885,4122
13474,4125
3346,4127
4201,413
24943,4131
24799,4133
24800,4134
24807,4135
24808,4136
24810,4137
2947,4140
2944,4141
2945,4142
4036,4143
20557,415
21136,4150
17896,4151
20581,419
17337,426
13724,428
13723,429
13722,430
13717,434
25545,442
25542,444
2735,45
12086,3930
23454,2672
13437,1515
18345,2462
21028,3009
3784,788
13011,3639
25653,348
20317,1486
23429,2336
15892,1930
23425,2339
3948,3912
19076,1014
13584,2449
18113,972
20705,2822
12565,33
4511,958
16778,2974
13699,3997
2409,3229
14114,2502
21192,612
24143,1132
25647,3328
2449,1806
22018,3548
19291,3776
17902,1001
3746,1037
21091,1041
3009,1057
2902,1103
4762,111
15836,1174
4665,1275
2655,1288
14371,1411
3396,1490
3479,2110
25148,3411
20692,2825
4582,2406
2603,2435
3455,2496
17769,2501
3318,2513
3319,2516
2744,2955
2746,2957
21187,336
21140,3360
21149,3618
3107,3748
3072,3756
2804,3852
23176,3861
21044,3866
12572,3869
2592,387
2730,3880
2729,3881
2728,3889
21205,3896
21222,436
2733,44
4322,453
4473,493
4367,3156
3770,498
23065,2295
23076,1211
17039,3001
23093,2961
19482,130
2658,1156
13742,1225
24406,1965
24400,3496
24174,1082
3675,3144
24118,1463
25546,2064
3950,4111
21491,286
23361,6
4562,1837
19643,3668
21158,2745
22820,2302
15909,247
3015,2620
3443,2784
3579,2983
19790,3678
19787,3681
13696,3992
15463,4010
17913,4015
21198,608
2717,62
4911,636
12970,79
3781,791
4262,796
13569,797
21209,3900
16695,811
21162,3382
20814,3109
4781,395
20891,7382
21234,5395
4071,847
24211,7376
21045,2688
23061,7368
25508,460
4853,463
20988,583
19207,474
19197,477
19196,478
19206,479
21213,48
21221,483
13719,485
21212,49
21217,51
4245,514
3224,515
3029,521
3034,525
3032,528
21215,53
3038,531
4570,532
3312,537
12824,538
21214,54
14046,544
2878,545
4061,554
4057,557
21324,561
21322,563
21321,564
20981,567
21336,569
21218,57
3904,570
24461,573
24452,574
24455,575
24495,576
24507,577
24464,578
24514,581
2817,587
2815,588
2810,589
2835,594
2841,598
2843,599
17912,602
4802,603
21195,614
21193,615
4928,618
2685,626
25673,628
25672,629
2689,630
4890,640
12864,647
12855,648
12856,649
12857,650
12858,651
12860,653
24925,654
2580,657
2575,660
25503,666
25501,667
21120,668
25497,669
12095,67
25496,670
21123,673
17909,677
13423,679
24889,682
13409,683
13766,685
12977,687
24922,693
24923,696
12089,70
20625,701
24906,702
20657,704
24907,706
3197,707
4521,708
12090,71
4523,710
4517,712
4518,713
4519,714
4520,715
24601,716
4526,718
3727,719
3714,725
24595,726
23922,728
12088,73
4316,730
12093,74
3358,743
14153,750
14150,751
14149,754
14146,755
12091,76
18843,760
18933,764
18979,766
18980,767
4478,773
4477,774
12969,78
24559,780
23148,781
3789,785
16708,786
3788,789
3783,792
24155,794
4258,801
16875,803
4264,805
4263,806
16872,808
2480,3435
4343,4018
21312,858
15388,4007
13014,3441
12968,81
17189,1119
2769,1500
3206,1485
17898,372
4354,1667
4002,3215
4248,3222
21210,381
4613,832
4441,1902
13579,2451
4752,634
25689,2908
4180,1315
22019,3274
4769,1167
4610,834
17787,1838
4164,2255
4155,2591
4154,2592
4146,2598
4142,1698
4140,1691
4136,2099
4105,3780
4102,3775
4366,3439
4300,3428
4005,2656
3981,2599
3989,882
3834,185
3870,3440
4314,441
4405,2220
20301,3280
23068,2627
19103,5834
24735,1951
21171,1726
4379,2880
17923,3815
24142,1131
14303,472
13973,3965
17932,447
4870,1511
2434,3651
21055,3592
13485,4002
2966,2279
4751,117
2973,2277
14300,469
3860,1666
3308,2842
3778,504
13762,691
12107,366
14117,2486
13010,3642
12106,367
4212,3823
12137,38
3374,984
13685,1771
24250,2634
2911,2654
2541,3648
3223,3223
3199,1488
22817,2024
12507,36
3293,1909
4945,3041
2433,1124
4804,635
4564,458
3852,1658
3937,221
4580,2408
4611,836
2887,848
21306,853
12975,86
4548,863
2750,865
24535,867
24534,868
24530,870
24522,873
24521,874
24528,875
24526,876
4122,878
3883,883
4933,889
25635,892
25633,894
2651,895
2650,896
2646,899
4879,902
4942,906
21135,909
2436,912
12866,923
12865,924
12898,925
25439,930
25440,931
25283,932
25438,933
25460,935
25454,936
25458,937
13377,939
2500,94
13363,940
13362,941
13360,942
13356,943
13757,945
13756,946
13753,947
13750,948
13748,949
2668,950
13758,952
3795,953
16906,955
4513,956
21220,957
4510,959
4509,960
4508,961
21228,964
4516,965
4515,966
3219,968
18110,971
4226,975
18059,976
3369,989
2505,99
14164,994
12135,326
18146,1868
2759,2632
4779,891
17762,3174
17761,3173
4246,3225
2791,15
16732,1358
2610,2059
20582,420
3601,1368
3855,200
3487,1854
3496,1554
3422,2160
12098,362
4179,1316
2628,1472
4257,802
24094,1456
17376,3526
4273,4117
25650,1147
25538,2070
4856,643
2618,2053
17873,4045
21227,508
3634,1919
3488,1853
13698,3994
17800,4047
2775,3586
3228,3424
4363,3447
3411,3281
13566,2133
3035,526
3356,744
4260,758
4658,1270
25459,934
18457,1317
3532,3049
4408,2296
4462,192
3702,1884
3701,2458
3710,2883
25276,1194
4898,2441
4908,1166
3193,723
19924,2477
4899,2442
2969,2282
24309,2616
3678,2870
2474,3436
4100,3773
24144,1138
17757,2898
2412,3233
20980,2093
14126,3475
4003,3214
17698,2588
20707,2828
3629,1944
24183,1078
13582,2452
2904,1101
4793,66
21669,2038
13472,2080
12743,3605
4753,641
20550,417
19233,482
19232,475
13951,3971
22816,2023
21197,616
3566,2428
3671,3650
4124,3882
4796,1350
4557,1125
13912,2096
3721,1694
14392,2046
12707,3599
3159,3245
4621,2466
4656,2104
2401,2284
14092,4032
3520,3357
16848,1050
23825,2651
3368,988
4852,3736
3483,1852
4919,3348
4684,734
2510,91
3493,1849
2828,309
4637,1867
4037,4118
3364,741
3902,2945
2773,3585
3309,2847
13635,3057
2764,3577
3591,1376
3065,2208
3375,985
3008,1056
4394,2551
4143,1699
4024,1984
4824,639
4727,2485
4053,271
3027,523
4348,3738
3800,4081
4296,1637
14132,3474
3213,512
4718,3391
13929,1817
4279,233
4389,2548
2463,2975
3070,3757
3815,4062
3912,2568
3689,2863
3576,3952
4765,4094
3908,2941
2589,389
4695,4024
2885,2590
3013,2619
4282,238
4773,637
4475,486
16882,2852
13553,1856
3651,2543
3449,2701
13560,768
4288,1642
4905,638
13716,123
3749,1039
3175,2571
3907,3437
2442,3565
2704,897
4442,2207
3730,1730
2421,4104
4060,553
18218,2618
3526,3550
25595,2457
4713,1988
4214,3818
4758,1254
2690,631
3372,992
3605,1068
3255,3720
4887,2437
3726,1689
4937,1165
4897,2440
12114,2360
4250,511
17752,2903
21174,1721
13639,3058
3425,2167
3268,3790
22217,633
18157,1872
4134,2092
12986,1173
16863,814
4715,3088
3996,2924
14094,4034
23456,2670
18117,1865
12739,3604
23451,2673
4878,2765
20599,697
2767,776
13591,2775
17187,1924
22436,1734
20714,541
3467,2808
12782,6916
21113,2120
3998,3975
2455,1631
13339,3914
18873,762
3125,1379
2928,3504
12705,3876
21098,2354
17931,446
23423,2338
24780,1669
4760,100
23356,10
3880,1071
3884,1083
2559,1177
4152,1233
4537,1234
3382,1293
2496,136
3602,1367
13867,1439
2627,1473
4534,1477
3393,1578
20334,1579
21110,459
2731,46
12117,2055
15515,4001
3019,819
16873,823
2440,826
4265,828
16705,833
4074,845
4068,849
17183,1920
4767,1170
2576,661
17407,1976
23079,2631
23773,1991
4198,3519
23120,3307
24407,3800
4494,2848
24173,1085
24731,2715
18177,1440
25544,440
19814,3074
12833,1809
23754,1709
18164,1569
13417,684
24018,2028
20995,414
12859,652
4599,3918
20708,2829
12867,1650
21131,403
21001,3003
4039,1590
4040,484
2851,317
23774,1990
20068,370
21345,276
17946,2818
19450,3193
3691,3164
21054,3589
20679,705
2846,601
2667,1150
15885,1160
12832,1799
2963,2005
2934,2008
2957,2011
3284,2179
3290,2184
3677,3135
2831,314
23103,3303
25655,350
4797,3688
4436,369
4860,890
4842,901
4927,910
4217,3817
13876,260
2921,2000
4197,3518
2960,3879
13432,1516
20879,7431
13994,1352
16724,33431
2432,6602
13700,5828
14157,998
17392,6566
24567,7429
2922,6606
4350,3740
4455,4067
25567,3014
4750,886
25575,5753
17657,2586
4913,7135
21199,607
17416,1973
25632,7424
4873,6976
25594,7354
4165,2258
2874,3383
18781,1602
4938,3042
13564,2134
13605,3064
13598,2767
12567,31
17793,3765
3997,3985
3570,3948
24087,5851
4838,4529
4362,3450
12997,2248
13481,1795
2800,5969
3881,1072
3557,4629
2629,4870
22441,4588
2574,5608
17903,304
2662,1152
4364,3448
17756,2899
22442,1732
19780,3673
3274,3794
3273,3791
3597,5830
20690,2824
24095,1455
12722,3603
13470,2075
3017,820
14139,3469
2489,140
3021,817
3150,3236
12134,327
2972,2276
4489,533
3230,3426
2388,1430
4440,1899
4432,1614
2711,61
4826,3973
4795,88
17612,2244
4894,3653
2801,3855
17876,3834
13578,2446
4568,380
4121,1983
16864,3400
15893,3644
3304,2843
3343,1328
4808,3107
4678,881
21177,3029
17884,3838
3194,2892
4666,1274
12101,359
17901,2988
2671,2126
4949,3039
4033,6104
4065,1032
4775,284
3266,3787
25666,6259
2974,1046
4683,427
17758,5220
15193,3127
13736,1527
14437,3123
2398,2289
2702,3906
3889,3241
3117,2236
4087,5728
4302,1918
3673,3145
2725,3887
3747,6087
13712,5817
13979,3966
4184,2253
4688,1718
4349,3741
4224,2947
2771,3579
4192,3649
4058,552
13588,2454
3984,2918
4531,1291
2924,278
4215,2307
4247,974
3141,1659
13463,2072
3143,1661
13641,3365
4720,3387
3775,500
2694,3904
2926,288
3339,1615
2853,322
2485,138
17947,452
4308,425
17883,3837
4331,2014
13850,686
4626,2455
4466,188
12995,3659
4668,1137
12094,75
16712,6350
13525,2395
16077,2531
2732,47
4160,2256
2648,571
4221,2714
4356,3742
4377,2878
4049,267
4451,4071
4420,1321
2915,2666
3693,2419
2396,2288
21111,462
17170,2189
17890,3283
3853,178
4834,622
4374,3149
3305,2844
4661,1267
4488,4026
3510,1256
2982,1946
4618,2557
4717,3389
2913,2667
4712,3814
2619,2052
3616,1937
2699,2838
3089,3159
2443,798
4719,3390
2545,1245
3394,1583
4680,437
4319,454
2420,4103
4275,4107
4444,1903
3047,170
4655,973
2616,2058
2581,658
13557,1864
4474,3077
2753,2952
4402,2212
3261,4077
3254,4070
4359,3443
3168,2025
13896,2639
4006,2638
2669,1894
4438,1897
13939,1811
2737,43
4480,775
4378,2879
4327,148
4301,3359
21146,3333
3845,4012
2623,1470
2633,1762
4635,1571
2469,3432
16681,810
2893,851
2472,3431
4372,3151
17480,1452
2688,3979
13697,3995
4691,3458
4623,2594
2951,3056
3109,2346
3221,517
3540,3827
13552,1855
4736,2796
12795,2720
3573,3013
2435,2044
18186,1566
3818,3700
3724,1692
3095,3163
4650,977
17867,4640
4589,3562
2438,807
2901,1102
3533,3048
2867,2700
4535,1276
4283,2040
20611,699
2577,662
2785,3250
3635,1925
13020,6583
21340,6688
13740,1219
4286,227
13577,2445
3158,2937
24190,2931
14302,467
14299,6082
2938,1729
4228,2943
3426,2621
3430,2479
3429,2622
3558,2425
3856,1660
4710,3083
17778,3466
14053,1822
4476,487
4174,1311
2962,2006
4450,4078
3082,4027
4341,3271
18184,1438
2381,885
15265,4005
3956,3638
23236,24
23785,3257
4138,1690
18105,981
18394,2151
4063,548
13692,6140
3546,2754
3959,4110
3147,1664
3696,3160
3063,3755
24531,869
21317,859
13502,2374
23453,3812
2583,659
3363,742
2402,2285
3946,224
23179,2344
13967,3970
13882,1517
3016,821
4742,2789
13332,3011
3381,1298
13512,2725
21137,3338
21139,3506
13500,2376
24610,1398
4794,2382
2754,2629
21142,3529
2757,1042
12982,374
2765,3578
2790,133
2788,19
21145,3332
2789,129
3440,2785
3441,2388
21153,3615
17401,3246
17942,450
20300,6099
21051,3590
3133,1382
13434,1518
18815,1603
17289,3530
21073,1787
21283,1108
24555,2222
3046,167
21078,2861
24792,259
21223,1914
21224,529
21074,1786
3171,3532
3170,2503
4664,1268
21094,1505
4604,3026
4078,3203
21258,1236
21226,494
20047,303
21189,611
21109,2067
25282,1193
25560,1777
13863,688
3423,861
21288,1106
3560,2423
21326,559
23826,2650
4566,2734
12902,915
3649,2539
3839,1964
2941,3803
14168,161
21085,461
3559,2424
3370,990
4075,844
17390,970
2492,142
4782,2122
17771,1941
2422,6885
21299,854
3464,2805
3916,3111
3399,1582
16663,1043
17961,5346
14180,1116
4129,1978
4131,1808
4407,1016
17920,3986
18104,980
4904,1552
3980,2600
2968,1592
3947,223
2653,893
3123,2225
2524,3961
15202,4006
12111,2358
12109,2356
2600,2433
14306,1406
13594,2769
4754,2171
18378,5326
21264,1114
17395,5949
21147,3619
3712,2884
2821,582
4243,516
14160,1003
14103,3596
4101,1875
13017,2909
13004,3941
13005,3940
14154,997
4863,1839
20362,3988
4803,2054
17418,1969
3445,226
14147,756
4780,1169
14159,1000
12100,364
3062,1820
2999,3512
14135,3472
13023,3927
14152,749
17175,1141
19111,180
21047,2690
21125,665
3787,790
16717,2079
16676,822
3890,2798
3115,3556
17180,2196
21118,543
13516,2732
23251,3567
4533,1541
21186,339
17892,4095
12984,376
16700,829
4355,3743
2998,2473
4506,2186
15886,1157
3288,2183
2572,919
25064,2327
3569,6052
4932,7049
2879,546
4830,1199
3878,835
3442,2783
15890,2192
19195,5550
2571,920
3847,6186
4814,1489
3355,5605
4119,3067
3732,5146
3664,3139
3413,1886
4203,566
3728,884
25121,3629
13606,3065
18737,1597
14231,466
21337,568
13422,678
24356,3796
12900,916
2453,2580
17877,3835
24139,1129
21062,3587
21201,3892
4398,1264
17940,445
3220,3226
21126,664
4429,2574
4749,1168
4573,1
14163,1002
19070,1008
4411,1020
4415,1024
3753,1036
16850,1049
3006,1062
14137,118
4832,1200
4538,1232
4541,1238
4544,1241
4889,1249
4536,1273
4783,1345
16740,1355
3692,1414
21877,1424
2495,144
4334,149
4800,1494
2656,1498
14040,3692
4556,3078
19151,183
24797,4065
4692,2776
2889,1028
23232,26
14141,3467
4787,6312
21493,287
3081,3451
13587,2453
18588,1314
14401,3419
18116,3228
3085,3459
25663,619
14301,468
23078,2630
23771,1992
23786,3260
12846,1561
19272,1888
23762,1711
21225,962
24020,1744
2385,535
24014,2029
20584,698
2961,2007
24015,2032
12791,2721
24013,2030
23717,1706
23716,1705
14055,1824
24852,1537
14156,999
18439,1319
3351,1322
3281,2177
19789,3675
4799,1356
21687,1716
3653,2201
21524,1842
24394,7222
24482,7383
2494,145
4321,2832
2710,60
12115,2361
2584,6579
12110,2357
13445,6704
4748,107
4895,4046
3079,3452
12787,7420
18350,6287
16707,783
4862,6253
17202,5746
24791,6208
20275,7121
2470,3433
4700,147
3059,4331
12973,82
4418,1323
4818,3976
2478,3434
3420,2159
2762,2625
4449,3745
3838,1961
3226,519
3475,2107
4353,3737
4287,1641
3465,2806
4281,239
4707,3079
15894,5601
3504,6013
13558,2140
13554,1857
4371,3152
3020,818
2551,1179
3320,2515
3552,2751
2856,319
18470,1318
4426,1329
3470,2811
4659,1272
4315,731
3302,1915
3599,1369
13541,1862
2675,1807
2844,600
4445,1896
2953,4148
4435,1609
4305,1931
4620,3654
3001,1364
4622,2906
4702,3611
3640,1648
3921,2570
2738,2232
2899,1104
18058,1277
2377,1412
4452,4072
21231,1243
4290,1640
3190,729
3991,2919
2425,4099
4468,492
2389,1433
4344,3486
4199,3524
4461,193
2645,900
3740,1985
4313,740
4304,3609
4269,4113
4278,1481
23248,20
4335,155
15925,2845
3207,234
23141,3580
14140,3468
4636,1572
4280,1476
12571,3870
13653,3370
2687,632
4383,2876
2513,3958
2686,627
3313,2835
4454,4074
4347,3739
2692,621
12710,3600
4414,1023
2642,1757
3330,1607
2568,918
2539,3372
2807,2555
4457,197
2778,3256
2448,5816
3347,5815
3215,513
2877,551
4499,3908
4828,1201
3391,1580
3331,1608
3333,1610
4427,1617
16714,1624
16709,1628
16720,1633
3051,164
4294,1644
4291,1645
3145,1663
24778,1668
24748,1671
14373,1686
21170,1728
17182,1754
2635,1760
2632,1761
2643,1763
13684,1767
2796,18
19092,181
13923,1815
13926,1816
24592,1826
4561,1836
19126,186
4645,1874
3408,1879
3407,1880
3403,1883
3177,1893
4303,1921
3622,1934
3625,1935
3624,1936
3844,1960
17415,1972
17412,1977
4127,1979
21101,2051
21108,2066
25541,2068
13914,2101
21112,2103
3814,211
2674,2112
4549,2113
4551,2118
18063,2124
17785,213
4929,2138
2672,2142
21871,2143
19977,2161
3659,2206
4158,2250
4190,2269
2400,2283
2395,2287
2399,2290
3886,2305
4585,2345
12116,2347
21103,2349
13504,2372
22804,5844
4896,2439
4594,249
3458,2493
3329,2518
2466,2520
2465,2521
3643,2536
20556,2544
4393,2552
3181,2566
4616,2575
17652,2585
4144,2596
3974,2604
2918,2661
23450,2674
16745,2683
2862,269
3252,2702
19728,2703
17181,273
13517,2731
3549,2750
4872,2761
4882,2763
4268,2873
4381,2874
4089,2913
4092,2916
3993,2920
3990,2922
2462,2976
17115,2998
21176,3030
4602,3032
4603,3033
13600,3060
3925,3095
4934,3114
4498,3128
2832,313
4375,3148
4370,3153
4369,3154
17763,3175
4077,3204
2854,321
2909,3217
3661,3227
2859,323
3152,3239
2858,324
2776,3254
20285,3286
12129,331
21067,3313
21066,3315
21063,3316
12758,3321
4805,3331
4595,3334
4593,3336
21138,3339
21143,3340
13661,3362
13642,3364
21185,338
4500,3394
20822,3397
25216,3412
14396,3415
21181,342
3229,3425
2714,3429
2471,3430
4340,3463
3057,3508
3392,3516
4306,3535
22013,3539
22010,3540
2607,3547
3527,3551
3310,3552
23253,3569
4587,3597
21150,3621
25123,3632
12988,3660
12989,3661
19568,3669
13678,3714
25218,3719
24300,3744
14089,3759
21233,3761
14065,3769
3264,3788
4209,3821
4600,3826
17879,3829
17875,3833
4663,1269
4080,5776
13476,6050
2701,3907
2601,3913
13974,3964
4813,3978
17910,4019
14095,4029
3055,4038
17866,4048
4456,4068
4330,4088
3957,4109
17926,412
3350,4123
4422,4130
3086,4132
17887,4144
4035,4146
2955,4149
21168,4152
20430,416
4205,418
15911,505
3315,506
4252,520
3031,527
3037,530
4491,536
4493,539
21334,558
21219,56
21323,562
21319,565
2819,585
4869,593
2840,597
4487,65
21124,672
24895,676
13760,689
3756,69
13761,690
13865,694
13866,695
4522,709
4525,717
4686,733
4307,735
14144,757
4481,770
4484,771
4483,772
4486,777
4485,778
2772,782
25598,285
17784,1844
13007,3643
3723,2082
19201,480
21311,856
20199,862
2970,866
12976,87
4648,879
4546,880
2573,922
12894,926
2503,93
2501,95
13759,951
2506,96
18098,979
2504,98
3366,986
3367,987
3373,993
4496,2834
3491,1847
2995,225
12913,80
4764,1497
12974,83
24590,2895
4470,490
13471,2081
17921,443
4786,1127
4097,3772
12570,302
20273,1890
3529,3055
2531,3671
2842,1105
12993,1142
13981,3972
4178,1309
17907,4017
3983,2605
13895,2653
16883,2851
23463,1339
17779,3465
2622,1471
2608,2470
17753,2902
3933,3840
3755,1344
4777,1331
18764,1599
17880,3830
4133,2091
3841,1959
2517,3955
4425,1330
3245,3199
2752,5986
2595,384
3471,2812
3500,1557
4892,6407
3359,748
4292,1646
4443,1904
4342,3284
3052,4036
2949,1573
2838,596
13658,3369
2823,308
4333,1015
2799,3857
2740,42
2724,3888
4388,2545
12080,3936
4361,3449
4460,194
4318,2854
2936,1700
4399,2213
4229,2948
3808,202
3439,248
2444,5808
3102,1958
3099,3770
3112,1338
2522,3962
2677,349
2599,2432
2985,1652
2698,3909
21179,344
15889,2193
24166,294
17417,5968
3872,1391
20729,3104
21096,2352
25267,1191
24814,4139
24811,4138
23332,3564
23362,3
24551,3116
23342,3844
2525,3666
23358,7
23354,9
12801,2718
21881,1417
23350,3842
23347,3843
4384,2877
13763,692
24168,1033
17747,2900
24165,1392
2876,550
24172,1084
25488,674
22801,2016
23846,2640
21939,3546
23852,2311
25489,58
25490,55
3377,1297
25491,50
22311,1736
24896,2114
3564,2420
3565,2429
12826,1804
25523,2141
3607,1069
25524,2364
23478,2994
24597,724
18355,2460
24596,2891
23481,2991
24208,2930
24600,1751
24599,721
16629,1052
12853,1555
21285,1110
21032,3008
23346,3848
24566,1308
2536,3686
23345,3849
23335,3846
13690,3990
25518,401
4943,3040
17635,1437
25067,3507
25066,1727
25068,954
12823,540
4151,3288
24383,210
13447,1215
14025,3694
19444,3195
24285,3219
24284,2497
18392,2168
14394,3416
18391,2156
24313,2614
24844,1287
18393,830
16517,1055
23368,30
24848,1540
24850,1301
18395,2152
23483,2996
20307,1479
12125,2696
24299,2278
24860,3098
25569,1029
18396,2090
18398,825
25614,2678
25613,2663
18397,2146
25612,898
21014,3006
13440,2050
24138,1136
24137,1135
24132,1133
25138,3626
21670,2039
24141,1130
24134,1134
2781,3251
25465,929
12830,1801
24056,1745
20687,2823
24862,3094
23112,3300
24863,3093
3201,1495
21061,3588
12839,1906
24306,2617
12837,3795
24842,424
24840,1306
19311,795
24837,1542
12868,921
22224,1442
4244,1064
24820,4128
24821,4129
23493,3296
24150,1386
24294,3825
12863,646
24292,2275
24291,1593
14434,3122
23428,1948
23430,2337
3283,2178
2407,3230
23426,2340
21116,671
2892,852
23748,1708
4115,3477
17131,2529
18368,2459
4583,2310
24416,3805
20999,2402
24179,1080
24176,2665
24532,872
24538,2559
16924,2855
19562,1195
19486,3479
23821,2646
23404,293
13520,2398
19449,3192
25487,675
2459,2978
24398,3494
24397,3493
19791,3381
15197,4004
14379,1687
23495,3295
23815,2972
23813,2964
23794,3266
16073,2530
23796,2969
16062,2526
16067,3403
21920,3544
3217,510
13681,3715
3121,2224
19969,2471
23492,6735
23046,7017
3941,222
12113,2359
2540,3371
24841,6132
12829,1800
3172,3533
3162,3525
4338,3224
2679,357
3604,1067
4924,3349
4352,3734
3923,5107
23057,2300
20304,6102
2883,556
13428,680
4820,7027
13902,2487
3587,1149
4417,1324
18741,1600
21076,1785
4840,7252
20662,703
21266,1113
21100,2348
13018,3921
23085,5935
18864,6867
13444,1212
21509,2317
3828,182
21060,7268
3409,1878
2406,3231
21677,2042
2719,3885
17900,3054
3960,5503
4323,2830
4114,7040
17184,3610
4785,6412
23789,6296
13468,2077
3434,2469
4010,3608
4157,1466
22017,3549
2451,1813
4099,3774
4644,3393
13540,1861
22204,6892
4392,2549
3656,2204
4277,235
4326,2827
3463,5822
4625,2456
13911,2097
4614,2148
12983,373
3452,2490
4651,2147
13893,2657
13462,2073
13877,2794
13886,2659
3608,2607
4116,3487
3139,3553
2712,2174
4149,6565
12568,32
2516,3015
4156,2252
4182,2241
2748,6163
837,6163
2602,6529
2829,312
4021,3329
4093,2917
2996,1373
4463,191
4044,1638
13392,681
3498,1570
4104,3777
4459,195
3683,2866
3754,3636
3528,2180
14384,1684
4482,769
3936,1303
2578,663
4726,2655
3612,1066
4667,1126
4676,448
3782,793
3269,3789
4368,3155
3790,784
4293,1643
12566,34
4386,645
3899,644
4877,3134
3416,2163
17334,431
3759,1349
4324,451
4320,455
2942,3802
4423,1326
3654,2202
4125,1980
3195,2885
3251,2209
3184,2563
4424,1325
13662,3361
3179,2567
3561,2422
4681,736
4171,1307
13559,2139
4679,738
3772,502
12712,3601
3093,2427
4137,3080
3383,1292
13907,591
4639,1866
4642,1869
2502,92
4413,1022
4357,3445
2562,1185
4297,1923
3258,722
4332,151
3334,1604
13607,3066
3012,5888
13562,2136
13563,2135
4238,3237
3386,1290
4145,2595
2755,2628
13921,1814
4647,978
12704,3877
4018,3706
23776,1996
4337,4014
14383,1681
2490,143
4168,4066
13919,2095
3297,1913
4524,711
21183,340
88572,3352
13590,131
2380,967
24738,1953
3618,4651
3613,1059
18156,2333
14308,1404
13383,938
13651,3363
13910,2098
4254,800
3446,231
4588,2505
16672,816
4086,2910
4317,2850
2836,595
4464,190
4439,1900
4725,3384
4755,1840
13884,1535
2560,1184
4697,146
4660,1271
3053,4037
12991,3663
2912,4614
12972,85
3836,174
19003,1006
3074,3749
3703,2886
3731,3874
3680,2871
3954,3622
4950,3052
3535,3051
14387,1683
13920,2094
13660,3367
4396,6008
3023,838
13916,2100
3513,1967
18900,763
4108,3482
18108,982
13885,1526
3975,2603
13555,1858
2456,1632
3286,2181
4404,2211
4479,605
4836,1206
13901,2643
2932,2001
2984,3115
12789,2722
3404,1882
21325,560
19278,1891
3149,1812
23230,28
24758,5277
4434,1612
23967,2308
4385,2872
4088,2912
3785,787
12971,84
4225,2940
3882,1073
4430,1616
4270,4114
3645,2534
4346,4021
3794,1123
4382,2875
2594,385
4325,449
3481,765
3058,4041
3796,4079
3506,1547
2818,4900
4469,489
4029,3809
3887,282
14381,1682
3239,3417
21191,5463
3874,1074
24295,1574
18332,2464
19964,2472
16718,6933
4722,3388
4931,3945
3637,5684
3915,6121
4739,266
3676,5705
16409,5963
4360,3444
19237,3783
16857,3490
14151,752
3101,6582
17881,4641
3879,6903
3971,6329
14116,3183
13570,2144
3341,1768
4428,1618
2875,549
14109,6573
4543,3733
14105,4040
13503,2375
2403,2286
4674,1120
13473,1788
3327,2519
4447,4075
3531,3046
13589,2773
12996,3664
4920,108
16678,809
2684,1534
4186,2257
4766,5628
17796,3762
4472,496
4696,4025
3225,518
20336,1588
14171,163
14107,4895
4821,3982
14138,3470
4941,1164
16739,1362
3000,1365
25165,3405
3554,2756
3138,1952
13484,2706
23798,2970
4358,3446
4090,2914
4673,2977
20816,3396
2811,590
12985,375
20118,2165
18318,2465
23105,5996
21874,5713
14400,3420
14393,1679
13873,251
3734,3878
3118,2234
21097,2351
14100,4030
23266,3570
3362,7028
4041,4098
3295,1907
21282,1109
2693,3905
3292,1910
4166,2259
16734,5214
4770,3652
13659,3368
3028,524
22304,1451
13532,1860
24620,1088
3530,3047
20363,3989
3862,254
4391,2550
19871,3075
2418,5995
3918,3133
21872,1419
19097,5947
17868,4905
4906,2444
16701,831
3105,2677
3259,4064
3897,2814
15902,3614
2457,2525
16861,813
3287,2182
18057,6275
2533,1230
19242,3785
4871,2762
3767,499
3406,1881
24713,1956
4387,2546
3700,3172
4067,5106
15201,4003
2557,1176
4837,301
4208,3822
4646,1873
3582,2041
2528,216
3120,3841
4900,1248
2509,90
21539,5307
14455,1753
2429,4097
4453,4073
3468,2809
3563,5547
3522,3355
4669,456
2620,1469
2588,390
2795,17
3379,1299
3076,3457
3352,4119
4412,1021
4365,3438
17948,2836
2498,135
4946,1491
4801,3691
14378,1688
4240,1207
4471,495
3524,3555
17930,5990
4778,3511
4624,2467
24587,3171
4390,2547
13904,2684
16758,2577
3428,2709
17908,6941
3436,2468
14091,4033
13599,3059
3819,7011
3655,2203
14118,6699
18791,1601
17925,5931
4111,1151
3188,7045
4400,2214
3750,1040
13977,3967
22302,1444
2866,315
4843,2125
4196,3521
4299,5384
4062,5433
4761,6587
2637,1758
2638,1759
13008,5118
13733,7399
3191,2889
2880,547
4328,2925
4295,1636
4329,995
17783,116
13515,4675
19423,3677
4857,507
24512,4568
2565,4566
4812,2504
2487,141
2537,3373
4403,2210
2612,2061
4276,5798
4431,1613
2716,438
4236,3238
4298,6816
3075,6615
13441,1213
4724,7455
4631,7500
3978,2601
21025,3005
3419,11
4091,7456
4312,737
21675,2037
3039,7863
22645,2017
4047,25445
4079,25444
20910,3710
22016,9052
4703,1026
3433,2480
23237,23
13507,2730
23133,779
3050,165
2803,3853
21079,2831
21086,1512
2532,3672
3864,250
3585,7031
2897,5457
19893,7974
14098,4028
17775,3461
21099,5836
25658,353
20207,864
4336,154
3205,232
4467,491
4191,1011
18293,1829
17905,6073
12096,68
21307,857
19907,2777
3005,1061
13352,944
4859,423
3589,3665
2665,1155
4503,3984
23359,8
13941,3969
4575,4
4670,457
3615,1938
2644,1764
21157,3623
4916,1484
2392,1434
23902,2313
16106,7661
21121,64
18211,1429
13528,2404
24598,720
4909,2430
19786,3376
25695,3922
21117,606
3371,991
12849,1551
18822,759
25222,1521
24633,1086
4741,6322
12998,3947
4768,1337
3097,3165
4772,1549
4819,6017
3131,1383
24305,2274
12087,72
3323,2509
12074,1741
3078,3455
4866,1251
4042,592
13889,2662
17786,3767
14115,3182
2834,305
4345,4914
21182,343
14440,3124
14424,3120
16722,1359
14108,6957
17765,3177
4147,24383
2585,6035
4490,534
24950,4147
3850,4528
21127,89
21664,2323
3891,2813
12104,7025
3476,2111
17919,439
12843,1261
3736,5634
2715,6646
2413,3232
12084,3932
20360,6040
4433,1611
4223,2946
16876,804
12776,3325
3069,3758
18290,5907
3813,212
4232,3242
3512,1262
19282,3514
3108,1954
2727,1427
17174,10408
21180,345
13015,7059
2570,917
13505,2373
4940,2132
4876,24489
14230,1122
15906,2839
4926,1845
17904,2862
3345,1327
3929,2233
12978,378
13493,2704
4038,421
13521,2399
4043,604
4747,5559
4851,2414
3641,1649
17625,2242
24859,1027
24209,2935
2507,97
4031,1997
13013,3637
4827,2131
21133,5952
23775,1989
3774,503
4242,3248
19274,28127
18370,839
14090,6951
4148,3285
13526,2396
17927,433
12576,3873
13006,7124
4497,3957
3865,1381
3578,3942
4914,3344
21190,610
15901,1428
15645,3724
2591,388
4855,887
3857,166
3639,1654
21341,1725
4406,2221
4446,1895
3859,1665
2747,827
4829,1202
2515,3959
24733,3752
2761,3536
3966,2267
2870,263
2923,3500
12118,2695
4173,34601
16710,26529
20339,34483
22205,3276
2990,3068
14398,26974
4867,6315
4774,27426
14305,1405
19976,860
17865,27417
3588,3658
4907,36530
24459,572
4233,3202
4903,888
4507,1943
4922,22180
4652,983
14106,3184
4935,23864
23412,298
4117,3488
4745,2801
2869,264
4944,905
17889,307
4865,6252
21050,3883
21361,277
20601,700
13561,2137
4032,3801
25184,3406
17950,1282
15905,2840
12082,3934
4901,2443
22008,3545
17617,2243
21057,3594
13002,3943
4925,727
25585,3092
12575,2679
3501,6572
12981,379
4419,4121
3682,2869
3067,3753
19451,3190
4839,1204
24789,262
17922,739
2895,842
4854,1163
25461,928
3203,1478
3869,432
13486,2708
2979,5055
17188,907
25570,1031
12092,77
21230,325
3521,6608
19208,473
21128,2217
4737,3196
14148,753
21873,1420
4789,3960
4948,2329
3943,218
15887,2195
2718,63
4189,1009
4339,34510
3114,2230
12130,34682
4159,2251
16625,1053
4113,34294
22860,2301
2427,4100
12121,2692
4256,799
15899,1928
3685,2867
4586,3343
21216,52
3776,6665
24384,7226
21200,40178
4841,1846
2460,2524
4884,5092
16713,1629
2587,391
23431,2341
14239,465
2564,914
14099,3559
4875,2759
17773,110
14432,6578
3769,497
4072,846
15897,1927
24955,2741
3523,3353
2864,268
21880,1416
